ID,Label
0,Technology
1,Environment
2,Science
3,Education
4,Science
5,Science
6,Politics
7,Environment
8,Fashion
9,Education
10,Health
11,Entertainment
12,Technology
13,Fashion
14,Education
15,Education
16,Environment
17,Science
18,Environment
19,Environment
20,Environment
21,Environment
22,Environment
23,Travel
24,Health
25,Entertainment
26,Politics
27,Entertainment
28,Entertainment
29,Environment
30,Travel
31,Education
32,Politics
33,Finance
34,Science
35,Travel
36,Fashion
37,Finance
38,Environment
39,Politics
40,Travel
41,Finance
42,Travel
43,Environment
44,Environment
45,Sports
46,Travel
47,Environment
48,Science
49,Environment
50,Environment
51,Education
52,Travel
53,Entertainment
54,Environment
55,Health
56,Entertainment
57,Science
58,Science
59,Travel
60,Education
61,Travel
62,Education
63,Travel
64,Fashion
65,Travel
66,Science
67,Environment
68,Sports
69,Health
70,Education
71,Health
72,Technology
73,Health
74,Environment
75,Environment
76,Environment
77,Politics
78,Sports
79,Science
80,Fashion
81,Science
82,Education
83,Finance
84,Environment
85,Entertainment
86,Health
87,Science
88,Environment
89,Environment
90,Science
91,Education
92,Health
93,Fashion
94,Science
95,Science
96,Environment
97,Environment
98,Science
99,Environment
100,Science
101,Environment
102,Science
103,Travel
104,Environment
105,Entertainment
106,Education
107,Travel
108,Education
109,Environment
110,Environment
111,Fashion
112,Environment
113,Technology
114,Fashion
115,Politics
116,Sports
117,Environment
118,Environment
119,Environment
120,Environment
121,Health
122,Environment
123,Science
124,Environment
125,Health
126,Environment
127,Education
128,Politics
129,Education
130,Environment
131,Health
132,Environment
133,Environment
134,Entertainment
135,Health
136,Finance
137,Health
138,Travel
139,Science
140,Sports
141,Fashion
142,Finance
143,Environment
144,Finance
145,Environment
146,Technology
147,Environment
148,Entertainment
149,Travel
150,Fashion
151,Travel
152,Fashion
153,Fashion
154,Education
155,Education
156,Travel
157,Fashion
158,Science
159,Fashion
160,Science
161,Education
162,Travel
163,Education
164,Environment
165,Environment
166,Education
167,Science
168,Science
169,Environment
170,Fashion
171,Sports
172,Health
173,Environment
174,Food
175,Fashion
176,Environment
177,Environment
178,Politics
179,Health
180,Environment
181,Environment
182,Fashion
183,Environment
184,Environment
185,Fashion
186,Education
187,Science
188,Travel
189,Education
190,Environment
191,Education
192,Environment
193,Politics
194,Environment
195,Health
196,Health
197,Environment
198,Environment
199,Fashion
200,Environment
201,Technology
202,Education
203,Travel
204,Travel
205,Travel
206,Travel
207,Sports
208,Travel
209,Environment
210,Politics
211,Politics
212,Education
213,Travel
214,Travel
215,Science
216,Politics
217,Health
218,Travel
219,Education
220,Education
221,Environment
222,Health
223,Environment
224,Education
225,Technology
226,Politics
227,Health
228,Entertainment
229,Travel
230,Education
231,Science
232,Travel
233,Environment
234,Health
235,Environment
236,Travel
237,Health
238,Health
239,Fashion
240,Fashion
241,Finance
242,Science
243,Health
244,Environment
245,Environment
246,Science
247,Environment
248,Environment
249,Sports
250,Technology
251,Health
252,Entertainment
253,Health
254,Education
255,Education
256,Politics
257,Environment
258,Finance
259,Entertainment
260,Environment
261,Politics
262,Finance
263,Environment
264,Entertainment
265,Education
266,Politics
267,Fashion
268,Health
269,Health
270,Education
271,Education
272,Sports
273,Sports
274,Entertainment
275,Environment
276,Environment
277,Environment
278,Science
279,Politics
280,Environment
281,Education
282,Finance
283,Environment
284,Travel
285,Sports
286,Health
287,Fashion
288,Education
289,Travel
290,Fashion
291,Finance
292,Technology
293,Health
294,Travel
295,Environment
296,Travel
297,Politics
298,Environment
299,Education
300,Entertainment
301,Fashion
302,Education
303,Finance
304,Environment
305,Politics
306,Entertainment
307,Politics
308,Finance
309,Health
310,Fashion
311,Health
312,Travel
313,Environment
314,Education
315,Politics
316,Science
317,Politics
318,Health
319,Health
320,Environment
321,Science
322,Travel
323,Sports
324,Education
325,Entertainment
326,Environment
327,Environment
328,Travel
329,Science
330,Health
331,Politics
332,Environment
333,Fashion
334,Food
335,Politics
336,Environment
337,Environment
338,Entertainment
339,Environment
340,Travel
341,Politics
342,Science
343,Travel
344,Entertainment
345,Environment
346,Environment
347,Environment
348,Education
349,Travel
350,Health
351,Education
352,Health
353,Health
354,Finance
355,Sports
356,Education
357,Science
358,Politics
359,Science
360,Sports
361,Finance
362,Travel
363,Environment
364,Travel
365,Science
366,Health
367,Environment
368,Health
369,Environment
370,Science
371,Politics
372,Health
373,Politics
374,Environment
375,Environment
376,Education
377,Environment
378,Environment
379,Health
380,Environment
381,Sports
382,Education
383,Environment
384,Travel
385,Health
386,Travel
387,Science
388,Environment
389,Travel
390,Travel
391,Health
392,Environment
393,Politics
394,Politics
395,Health
396,Travel
397,Environment
398,Environment
399,Travel
400,Sports
401,Science
402,Environment
403,Environment
404,Science
405,Health
406,Health
407,Travel
408,Fashion
409,Environment
410,Environment
411,Health
412,Environment
413,Finance
414,Science
415,Travel
416,Education
417,Politics
418,Health
419,Education
420,Environment
421,Environment
422,Health
423,Education
424,Health
425,Politics
426,Environment
427,Health
428,Travel
429,Politics
430,Technology
431,Politics
432,Environment
433,Politics
434,Sports
435,Education
436,Travel
437,Environment
438,Environment
439,Finance
440,Travel
441,Travel
442,Politics
443,Environment
444,Environment
445,Education
446,Health
447,Entertainment
448,Fashion
449,Health
450,Health
451,Environment
452,Politics
453,Science
454,Technology
455,Environment
456,Entertainment
457,Environment
458,Fashion
459,Environment
460,Entertainment
461,Environment
462,Fashion
463,Environment
464,Education
465,Finance
466,Environment
467,Travel
468,Science
469,Health
470,Environment
471,Health
472,Politics
473,Health
474,Environment
475,Health
476,Travel
477,Environment
478,Finance
479,Politics
480,Science
481,Finance
482,Finance
483,Fashion
484,Travel
485,Science
486,Travel
487,Environment
488,Science
489,Travel
490,Science
491,Environment
492,Travel
493,Fashion
494,Politics
495,Entertainment
496,Environment
497,Environment
498,Environment
499,Education
500,Science
501,Travel
502,Finance
503,Environment
504,Health
505,Travel
506,Travel
507,Sports
508,Travel
509,Education
510,Technology
511,Science
512,Politics
513,Environment
514,Technology
515,Entertainment
516,Health
517,Travel
518,Science
519,Environment
520,Science
521,Fashion
522,Environment
523,Fashion
524,Sports
525,Environment
526,Environment
527,Education
528,Technology
529,Education
530,Technology
531,Health
532,Fashion
533,Travel
534,Health
535,Education
536,Finance
537,Health
538,Health
539,Fashion
540,Entertainment
541,Science
542,Health
543,Environment
544,Environment
545,Travel
546,Environment
547,Sports
548,Entertainment
549,Politics
550,Politics
551,Finance
552,Health
553,Environment
554,Health
555,Travel
556,Science
557,Travel
558,Fashion
559,Education
560,Fashion
561,Science
562,Technology
563,Entertainment
564,Science
565,Politics
566,Environment
567,Travel
568,Science
569,Travel
570,Technology
571,Environment
572,Education
573,Environment
574,Food
575,Science
576,Fashion
577,Environment
578,Education
579,Environment
580,Health
581,Education
582,Travel
583,Travel
584,Education
585,Travel
586,Environment
587,Politics
588,Education
589,Education
590,Environment
591,Food
592,Entertainment
593,Travel
594,Technology
595,Health
596,Environment
597,Education
598,Health
599,Environment
600,Education
601,Politics
602,Technology
603,Sports
604,Environment
605,Science
606,Finance
607,Environment
608,Health
609,Education
610,Travel
611,Environment
612,Health
613,Environment
614,Health
615,Education
616,Science
617,Education
618,Environment
619,Food
620,Environment
621,Health
622,Environment
623,Environment
624,Politics
625,Sports
626,Fashion
627,Environment
628,Environment
629,Technology
630,Environment
631,Environment
632,Environment
633,Science
634,Health
635,Travel
636,Entertainment
637,Travel
638,Environment
639,Education
640,Health
641,Environment
642,Health
643,Fashion
644,Education
645,Fashion
646,Environment
647,Fashion
648,Travel
649,Science
650,Environment
651,Fashion
652,Science
653,Environment
654,Politics
655,Environment
656,Science
657,Health
658,Fashion
659,Finance
660,Education
661,Environment
662,Travel
663,Finance
664,Environment
665,Fashion
666,Health
667,Environment
668,Finance
669,Science
670,Science
671,Travel
672,Health
673,Sports
674,Science
675,Technology
676,Environment
677,Health
678,Health
679,Fashion
680,Finance
681,Environment
682,Sports
683,Travel
684,Entertainment
685,Travel
686,Politics
687,Education
688,Environment
689,Politics
690,Health
691,Education
692,Environment
693,Environment
694,Environment
695,Education
696,Fashion
697,Technology
698,Finance
699,Fashion
700,Fashion
701,Health
702,Environment
703,Environment
704,Technology
705,Travel
706,Environment
707,Health
708,Fashion
709,Travel
710,Environment
711,Travel
712,Health
713,Education
714,Sports
715,Science
716,Politics
717,Travel
718,Environment
719,Technology
720,Education
721,Fashion
722,Science
723,Environment
724,Education
725,Finance
726,Health
727,Health
728,Health
729,Technology
730,Environment
731,Environment
732,Fashion
733,Politics
734,Politics
735,Politics
736,Science
737,Science
738,Travel
739,Sports
740,Environment
741,Technology
742,Environment
743,Health
744,Politics
745,Technology
746,Environment
747,Travel
748,Health
749,Education
750,Finance
751,Politics
752,Politics
753,Travel
754,Education
755,Science
756,Finance
757,Travel
758,Fashion
759,Politics
760,Sports
761,Environment
762,Fashion
763,Environment
764,Health
765,Technology
766,Fashion
767,Health
768,Fashion
769,Environment
770,Politics
771,Education
772,Entertainment
773,Travel
774,Health
775,Travel
776,Education
777,Environment
778,Travel
779,Sports
780,Health
781,Travel
782,Travel
783,Environment
784,Environment
785,Environment
786,Education
787,Travel
788,Politics
789,Technology
790,Fashion
791,Politics
792,Health
793,Environment
794,Environment
795,Politics
796,Travel
797,Technology
798,Science
799,Sports
800,Environment
801,Environment
802,Fashion
803,Finance
804,Environment
805,Education
806,Entertainment
807,Education
808,Science
809,Environment
810,Politics
811,Science
812,Science
813,Fashion
814,Travel
815,Education
816,Environment
817,Sports
818,Finance
819,Fashion
820,Health
821,Health
822,Technology
823,Travel
824,Health
825,Travel
826,Sports
827,Health
828,Environment
829,Education
830,Science
831,Environment
832,Education
833,Education
834,Education
835,Education
836,Education
837,Technology
838,Health
839,Environment
840,Politics
841,Technology
842,Health
843,Health
844,Environment
845,Entertainment
846,Entertainment
847,Environment
848,Environment
849,Travel
850,Science
851,Environment
852,Environment
853,Travel
854,Politics
855,Travel
856,Travel
857,Fashion
858,Technology
859,Travel
860,Environment
861,Fashion
862,Health
863,Sports
864,Technology
865,Science
866,Entertainment
867,Environment
868,Health
869,Entertainment
870,Travel
871,Environment
872,Travel
873,Education
874,Travel
875,Health
876,Science
877,Environment
878,Health
879,Environment
880,Politics
881,Politics
882,Entertainment
883,Politics
884,Sports
885,Technology
886,Entertainment
887,Sports
888,Education
889,Entertainment
890,Fashion
891,Science
892,Environment
893,Environment
894,Health
895,Environment
896,Travel
897,Health
898,Entertainment
899,Entertainment
900,Environment
901,Environment
902,Education
903,Environment
904,Environment
905,Education
906,Fashion
907,Science
908,Environment
909,Environment
910,Entertainment
911,Travel
912,Education
913,Fashion
914,Travel
915,Fashion
916,Health
917,Environment
918,Travel
919,Environment
920,Environment
921,Travel
922,Environment
923,Sports
924,Fashion
925,Politics
926,Travel
927,Health
928,Health
929,Environment
930,Environment
931,Education
932,Environment
933,Education
934,Travel
935,Environment
936,Environment
937,Education
938,Health
939,Sports
940,Environment
941,Environment
942,Fashion
943,Entertainment
944,Health
945,Travel
946,Environment
947,Travel
948,Environment
949,Entertainment
950,Fashion
951,Education
952,Fashion
953,Technology
954,Health
955,Environment
956,Travel
957,Education
958,Environment
959,Science
960,Finance
961,Environment
962,Education
963,Science
964,Health
965,Travel
966,Environment
967,Environment
968,Environment
969,Politics
970,Travel
971,Finance
972,Sports
973,Fashion
974,Education
975,Health
976,Environment
977,Environment
978,Science
979,Sports
980,Finance
981,Entertainment
982,Travel
983,Education
984,Education
985,Education
986,Education
987,Travel
988,Environment
989,Politics
990,Politics
991,Politics
992,Environment
993,Environment
994,Environment
995,Environment
996,Travel
997,Technology
998,Politics
999,Science
1000,Environment
1001,Environment
1002,Finance
1003,Finance
1004,Politics
1005,Education
1006,Fashion
1007,Fashion
1008,Education
1009,Travel
1010,Health
1011,Environment
1012,Travel
1013,Environment
1014,Education
1015,Fashion
1016,Fashion
1017,Politics
1018,Environment
1019,Politics
1020,Education
1021,Environment
1022,Environment
1023,Health
1024,Sports
1025,Sports
1026,Politics
1027,Environment
1028,Health
1029,Education
1030,Health
1031,Health
1032,Environment
1033,Environment
1034,Fashion
1035,Environment
1036,Travel
1037,Finance
1038,Health
1039,Travel
1040,Fashion
1041,Travel
1042,Education
1043,Health
1044,Environment
1045,Entertainment
1046,Finance
1047,Technology
1048,Education
1049,Travel
1050,Environment
1051,Health
1052,Science
1053,Fashion
1054,Health
1055,Science
1056,Travel
1057,Education
1058,Health
1059,Fashion
1060,Environment
1061,Education
1062,Education
1063,Health
1064,Entertainment
1065,Travel
1066,Environment
1067,Science
1068,Fashion
1069,Environment
1070,Travel
1071,Environment
1072,Health
1073,Politics
1074,Technology
1075,Technology
1076,Health
1077,Education
1078,Politics
1079,Travel
1080,Education
1081,Health
1082,Education
1083,Environment
1084,Finance
1085,Politics
1086,Education
1087,Politics
1088,Education
1089,Entertainment
1090,Politics
1091,Education
1092,Environment
1093,Environment
1094,Politics
1095,Health
1096,Health
1097,Travel
1098,Politics
1099,Health
1100,Health
1101,Environment
1102,Technology
1103,Science
1104,Technology
1105,Entertainment
1106,Environment
1107,Environment
1108,Travel
1109,Fashion
1110,Environment
1111,Travel
1112,Sports
1113,Entertainment
1114,Education
1115,Politics
1116,Environment
1117,Education
1118,Travel
1119,Fashion
1120,Environment
1121,Environment
1122,Environment
1123,Health
1124,Science
1125,Education
1126,Education
1127,Finance
1128,Sports
1129,Travel
1130,Environment
1131,Education
1132,Environment
1133,Environment
1134,Health
1135,Travel
1136,Travel
1137,Environment
1138,Health
1139,Science
